{
    "tpr_20_10": 0.73,
    "number_of_leaf_pairs": 80,
    "mlc_transmission": 0.0075,
    "calibration_mu": 100.0,
    "mean_photon_energy_MeV": 10.0,
    "leaf_widths": [5.0, 5.0, 5.0, 5.0, 5.0, 5.0, 5.0, 5.0, 5.0, 5.0, 5.0, 5.0, 5.0, 5.0, 5.0, 5.0, 5.0, 5.0, 5.0, 5.0, 5.0, 5.0, 5.0, 5.0, 5.0, 5.0, 5.0, 5.0, 5.0, 5.0, 5.0, 5.0, 5.0, 5.0, 5.0, 5.0, 5.0, 5.0, 5.0, 5.0, 5.0, 5.0, 5.0, 5.0, 5.0, 5.0, 5.0, 5.0, 5.0, 5.0, 5.0, 5.0, 5.0, 5.0, 5.0, 5.0, 5.0, 5.0, 5.0, 5.0, 5.0, 5.0, 5.0, 5.0, 5.0, 5.0, 5.0, 5.0, 5.0, 5.0, 5.0, 5.0, 5.0, 5.0, 5.0, 5.0, 5.0, 5.0, 5.0, 5.0],
    "penumbra_fwhm": [2.355, 2.355],
    "head_scatter_amplitude": [0.10506, 1.0],
    "head_scatter_sigma": [2.78091, 1.43902],
    "head_scatter_ssd_mm": 50.0,
    "profile_corrections": [
        [0.0, 10.1, 20.8, 31.6, 42.3, 53.1, 63.8, 74.6, 85.3, 96.1, 106.8, 117.6, 128.3, 139.1, 149.8, 160.6, 171.3, 182.1, 192.8, 500.0],
        [1.0, 1.0102, 1.0113, 1.0225, 1.0338, 1.0413, 1.0521, 1.0516, 1.0582, 1.0665, 1.0793, 1.078, 1.0795, 1.0791, 1.0748, 1.066, 1.0474, 1.0327, 1.0309, 0.0]
    ],
    "output_factors": [
        [10.0, 20.0, 30.0, 40.0, 50.0, 60.0, 70.0, 80.0, 100.0, 140.0, 150.0, 200.0, 300.0, 400.0],
        [1.0179, 1.0212, 1.0171, 1.0169, 1.0142, 1.01, 1.0061, 1.0042, 1.0, 0.9981, 0.9972, 0.994, 0.9903, 0.9886]
    ]
}
