{
    "tpr_20_10": 0.738,
    "number_of_leaf_pairs": 60,
    "mlc_transmission": 0.015,
    "calibration_mu": 110.0,
    "mean_photon_energy_MeV": 10.0,
    "leaf_widths": [10.0, 10.0, 10.0, 10.0, 10.0, 10.0, 10.0, 10.0, 10.0, 10.0, 5.0, 5.0, 5.0, 5.0, 5.0, 5.0, 5.0, 5.0, 5.0, 5.0, 5.0, 5.0, 5.0, 5.0, 5.0, 5.0, 5.0, 5.0, 5.0, 5.0, 5.0, 5.0, 5.0, 5.0, 5.0, 5.0, 5.0, 5.0, 5.0, 5.0, 5.0, 5.0, 5.0, 5.0, 5.0, 5.0, 5.0, 5.0, 5.0, 5.0, 10.0, 10.0, 10.0, 10.0, 10.0, 10.0, 10.0, 10.0, 10.0, 10.0],
    "penumbra_fwhm": [1.1775, 1.1775],
    "head_scatter_amplitude": [0.06544, 1.0],
    "head_scatter_sigma": [1.91611, 3.04043],
    "head_scatter_ssd_mm": 50.0,
    "profile_corrections": [
        [0.0, 11.9, 24.0, 35.5, 47.2, 58.7, 70.7, 82.8, 94.5, 106.1, 117.7, 129.2, 140.7, 152.4, 163.5, 174.9, 187.0, 198.7, 210.2, 221.3, 232.9, 500.0],
        [1.0, 1.0047, 1.0122, 1.021, 1.0282, 1.0318, 1.0355, 1.0392, 1.039, 1.0395, 1.0431, 1.0414, 1.0448, 1.047, 1.0491, 1.0507, 1.0379, 1.0147, 0.9897, 0.657, 0.0, 0.0]
    ],
    "output_factors": [
        [40.0, 50.0, 70.0, 80.0, 100.0, 120.0, 150.0, 200.0, 250.0, 300.0, 350.0, 400.0],
        [1.0344, 1.0261, 1.0119, 1.0067, 1.0, 0.9966, 0.9946, 0.9942, 0.9944, 0.9947, 0.9951, 0.9959]
    ]
}
