{
    "name": "Varian TrueBeam (Clean Slate)",
    "mlc": {
        "model": "Millennium 120",
        "leaf_boundaries": [-200.0, -190.0, -180.0, -170.0, -160.0, -150.0, -140.0, -130.0, -120.0, -110.0, -100.0, -95.0, -90.0, -85.0, -80.0, -75.0, -70.0, -65.0, -60.0, -55.0, -50.0, -45.0, -40.0, -35.0, -30.0, -25.0, -20.0, -15.0, -10.0, -5.0, 0.0, 5.0, 10.0, 15.0, 20.0, 25.0, 30.0, 35.0, 40.0, 45.0, 50.0, 55.0, 60.0, 65.0, 70.0, 75.0, 80.0, 85.0, 90.0, 95.0, 100.0, 110.0, 120.0, 130.0, 140.0, 150.0, 160.0, 170.0, 180.0, 190.0, 200.0],
        "transmission": 0.015,
        "dosimetric_leaf_gap_mm": 1.8
    },
    "energies": {
        "10MV": {
            "tpr20_10": 0.738,
            "gy_per_mu": 0.01,
            "reference_mu": 110.0,
            "reference_dose_gy": 1.0,
            "source": {
                "geometric_penumbra_mm": [0.7518468015956932, 0.7518468015956932],
                "head_scatter_sigma_mm": [1.0, 1.0],
                "head_scatter_magnitude": 0.0
            },
            "profile": {
                "curve": [[0.0, 1.0], [2.2627416997969525, 0.9999106609692655], [4.808326112068523, 0.9996096880405347], [7.212489168102785, 1.0029099800836585], [9.333809511662427, 1.0023686144373967], [11.879393923933998, 1.0036500782936166], [14.000714267493642, 1.0049450704575973], [16.404877323527902, 1.0060029170936184], [18.950461735799475, 1.008701161479647], [21.354624791833736, 1.0115897006670291], [24.041630560342615, 1.0108626843401725], [26.30437226013957, 1.0119612494622585], [28.42569260369921, 1.0149090752463172], [31.11269837220809, 1.0177478130198088], [33.37544007200504, 1.0189724636393458], [35.49676041556469, 1.0184287690751452], [38.04234482783625, 1.0197770856477155], [40.1636651713959, 1.0210437217389063], [42.42640687119285, 1.0241047856449998], [44.54772721475249, 1.0236863619907846], [47.234732983261374, 1.0249350800019412], [49.49747468305833, 1.0282675148391514], [51.61879502661797, 1.0278512037186014], [54.16437943888954, 1.0295338781733032], [56.28569978244918, 1.029385737552141], [58.68986283848344, 1.0292897182565162], [61.23544725075501, 1.0310026432018347], [63.356767594314654, 1.0327200461917048], [65.76093065034893, 1.0327881840754736], [68.4479364188578, 1.0329990730537015], [70.71067811865476, 1.0333586280161453], [72.8319984622144, 1.0316453768004832], [75.37758287448597, 1.0337351438131697], [77.78174593052023, 1.0359512386268874], [80.4687516990291, 1.0325224371002886], [82.80223426937222, 1.036621022712824], [84.8528137423857, 1.0349648743746809], [87.39839815465727, 1.0354019689915535], [89.5197184982169, 1.0357711566189831], [91.92388155425118, 1.036198620367276], [94.46946596652275, 1.0366656708641093], [96.59078631008238, 1.0370976242220695], [98.99494936611666, 1.037624979014189], [101.54053377838822, 1.0382919690864487], [103.94469683442249, 1.037123226735231], [106.06601717798213, 1.037743475992387], [108.6116015902537, 1.038470391263969], [111.01576464628796, 1.039234946975978], [113.13708498984761, 1.0380141683689517], [115.54124804588187, 1.038808614947592], [117.66256838944152, 1.0416598081554986], [120.13746293309178, 1.0367839755748995], [122.18805178903543, 1.03963311370551], [124.59221484506966, 1.040601282584402], [126.64284425106695, 1.0395071207263347], [129.1884282743621, 1.0407651128246689], [131.23901858822322, 1.039915789758509], [133.64318164425748, 1.0392923585622889], [136.18876605652903, 1.0385661576369616], [138.3100864000887, 1.0411876024829283], [140.71424945612296, 1.0441265648902052], [143.2598338683945, 1.0414557965609057], [145.31046073837905, 1.0425598781415484], [147.3610531992765, 1.04352305531369], [149.76521625531078, 1.0447503720688547], [152.38152775188993, 1.0462096339612406], [154.432121011142, 1.043620061691389], [156.83628406717625, 1.0451465059706517], [158.88690946707976, 1.0481803292905632], [161.36176746677015, 1.0476461373648729], [163.48308781032978, 1.0489027346954785], [165.88725086636404, 1.050419961268612], [168.43283527863562, 1.0523199795296703], [170.48345960825642, 1.052090746532956], [172.5340546095176, 1.052146585020376], [174.93821766555186, 1.0527472976913448], [177.0595380091115, 1.0515129661784475], [179.60512242138307, 1.0509492400573592], [182.00928547741734, 1.0502837624976333], [184.55486988968892, 1.0502649568059987], [187.0297569906992, 1.0484043015211664], [189.57534122348295, 1.047282272455005], [191.6259377015544, 1.045444949056523], [194.03010075758863, 1.0428340019878624], [196.15142110114826, 1.0398319152453126], [198.69700551341987, 1.0362267879557214], [201.1011685694541, 1.0325469808567882], [203.22248891301373, 1.0298233085093296], [205.62665196904803, 1.0286279297867083], [207.74797231260766, 1.0229467525699896], [210.22285793890254, 1.0224658299255096], [212.27345571220155, 1.016471605568742], [214.7483410878883, 1.0145720777333431], [216.79893911179548, 1.0114744204022241], [219.27382424721833, 1.008540806452782], [221.32442251138937, 1.0070911528607835], [223.72858556742364, 1.0022981897122945], [225.84990591098327, 0.9971754879858992], [228.25406896701756, 0.9915465711020609], [230.3753893105772, 0.9884827330143061], [232.85027378124337, 0.9795467966777741], [234.9008727101711, 0.9890068997195909], [237.30503576620538, 0.9491882373049865], [239.426356109765, 0.7143364952283776], [241.90124017871426, 0.4799150545600863], [243.9518395093589, 0.3106311725113182], [246.49742392163049, 0.11079327948119676], [500.0, 0.0]]
            },
            "output_factors": {
                "curve": [
                    [0.0, 1.0],
                    [500.0, 1.0]
                ]
            }
        },
        "6MV": {
            "tpr20_10": 0.67,
            "gy_per_mu": 0.01,
            "reference_mu": 130.0,
            "reference_dose_gy": 1.0,
            "source": {
                "geometric_penumbra_mm": [0.5, 0.5],
                "head_scatter_sigma_mm": [1.0, 1.0],
                "head_scatter_magnitude": 0.0
            },
            "profile": {
                "curve": [
                    [0.0, 1.0],
                    [500.0, 1.0]
                ]
            },
            "output_factors": {
                "curve": [
                    [0.0, 1.0],
                    [500.0, 1.0]
                ]
            }
        }
    },
    "collimator_geometry": {
        "x_jaw_z_mm": 367.0,
        "y_jaw_z_mm": 289.0
    }
}
